term,definition,alias
API,"多くのシステムで利用される公開インターフェース。
- REST や gRPC などのプロトコルを通じて機能を提供する
- チーム間連携や自動化の基盤になる",アプリケーション プログラミング インターフェース
Latency,リクエストからレスポンスが届くまでの遅延時間。可観測性ダッシュボードで継続的に監視し、サービス品質を守る。,レイテンシ
テスト,機能や品質を確認するための手順。単体テスト・結合テスト・E2E テストなど複数レイヤーで構成する。,テスティング
エラー,想定外の振る舞いや障害の状態。スタックトレースやログを活用して原因を素早く突き止める。,障害
デプロイ,本番環境へアプリケーションを配置する作業。リリース計画、ロールバック手順、通知フローを合わせて設計する。,リリース
CI/CD,継続的インテグレーションと継続的デリバリーの自動化。コード変更を迅速かつ安全に届けるためのパイプライン。,"継続的デリバリー,継続的インテグレーション"
スタンドアップ,チームの短時間な進捗共有ミーティング。成果・予定・課題を共有し、阻害要因を早期に解消する。,デイリースクラム
レトロスペクティブ,振り返りを行い次の改善点を決める会。Keep/Problem/Try などの枠組みを用いて学習サイクルを回す。,振り返り
バックログ,着手予定のタスクや要求をまとめた一覧。優先度・担当・見積もりを明確にし、継続的に整理する。,プロダクトバックログ
ロードマップ,プロダクトの中長期計画を示す資料。ビジネス目標と技術的制約を踏まえてリリース順を調整する。,リリース計画
スプリント,"アジャイルで設定する反復開発期間。
通常 1〜2 週間で、計画→実装→レビュー→振り返りを実施する。",イテレーション
バーンダウンチャート,残作業の消化状況を可視化するグラフ。実績と理想線を比較してリスクを早期に発見する。,burndown chart
リファクタリング,外挙動を変えずに設計を改善する作業。テスト自動化とセットで継続的に行う。,refactoring
モニタリング,システムの状態を継続的に観測すること。メトリクス・ログ・トレースの三本柱で可観測性を高める。,監視
アラート,異常を検知したときに通知する仕組み。閾値・抑制条件・担当の明確化が運用の鍵。,"警告,通知"
スケーラビリティ,負荷増加に応じて拡張できる能力。水平分割・キャッシュ・メッセージキューなどの戦略を組み合わせる。,scalability
オブザーバビリティ,内部状態を把握しやすくする設計。事象の前後関係を追跡できる仕組みをアプリとインフラに組み込む。,observability
キャパシティプランニング,必要なリソース量を事前に見積もること。季節性やキャンペーンなどの需要変動を考慮する。,容量計画
SLO,サービス提供者が定義する目標品質指標。SLI を計測し、エラーバジェットをもとに改善や変更凍結を判断する。,Service Level Objective
SLA,サービス品質を合意した契約。提供側と利用側の責任範囲を明文化し、ビジネス影響を評価する。,Service Level Agreement
SLI,SLO 達成を測定する定量指標。成功率・レイテンシ・スループットなど、ユーザー視点の値を選定する。,Service Level Indicator
スループット,"一定時間あたりの処理量。
高スループットを目指す際は整合性や遅延とのトレードオフを考慮する。",throughput
レイテンシ,処理が完了するまでの時間。パフォーマンス計測時は p50・p95・p99 など分位点で把握する。,遅延
フェイルオーバー,障害発生時に待機系へ切り替える仕組み。自動化する場合は定期的な演習とヘルスチェックが重要。,failover
ブルーグリーンデプロイ,2つの環境を切り替えてリリースする方法。切り替え後の監視とロールバック手順を整備する。,blue-green deployment
カナリアリリース,一部ユーザーへ段階的にリリースする手法。段階ごとの指標を監視し問題があれば素早く停止する。,canary release
フィーチャーフラグ,機能の有効化を設定で切り替える制御。実験や段階的展開に活用し、未使用フラグは定期的に削除する。,feature flag
オブジェクトストレージ,大容量データを格納するストレージサービス。耐久性と可用性を SLA で確認し、ライフサイクル設計を行う。,object storage
ランブック,運用手順をまとめたドキュメント。インシデント対応時に参照し、事後にアップデートする。,運用手順書
インシデント,サービスへの重大な影響を及ぼす事象。検知・対応・復旧・振り返りのプロセスを標準化する。,障害イベント
ポストモーテム,"インシデント後に学びをまとめる報告。
事実・影響・原因・改善策を記録し、知見を組織へ還元する。",事後報告書
ベースライン,比較の基準となる値や状態。性能評価や A/B テストではベースラインとの差分を測定する。,baseline
スロークエリ,"所要時間が閾値を超えたデータベース操作。
インデックス設計・クエリ最適化・キャッシュ導入で改善する。",slow query
データレイク,生データを蓄積して活用する基盤。スキーマオンリードで柔軟な分析を可能にする。,datalake
ETL,"データ抽出・変換・ロードの一連の処理。
近年は ELT やストリーミング処理との組み合わせも一般的。",extract transform load
セルフサービスBI,利用者自身で分析できる仕組み。権限管理とデータ品質担保の両立が求められる。,セルフBI
データカタログ,データ資産の所在と定義を整理した一覧。メタデータ管理とデータリネージの可視化が重要。,data catalog
アクセシビリティ,"誰でも利用しやすい設計。
コントラスト・キーボード操作・スクリーンリーダー対応などを考慮する。",accessibility
ローカライゼーション,地域や言語に合わせてコンテンツを最適化。翻訳と文化的配慮をプロダクトに組み込む。,地域化
パーソナライゼーション,利用者に合わせて体験を最適化すること。機械学習やルールベースなど手法を組み合わせる。,personalization
セグメンテーション,"ユーザーを特性ごとに分割すること。
マーケティング施策やレコメンド精度向上に活用する。",segment
オンボーディング,新規ユーザーが定着するまでの体験設計。最初の価値提供までのステップを簡潔にする。,onboarding
アクティベーション,ユーザーが初回価値を体感する瞬間。重要な操作に導くガイドやサクセスメッセージを用意する。,activation
リテンション,既存利用者を継続利用へ導く施策。プロダクト改善とライフサイクルコミュニケーションを組み合わせる。,retention
チャーン,解約や離脱を指す指標。予兆分析と対策の実験を継続する。,churn
NPS,顧客ロイヤルティを測る指標。アンケート結果と自由記述を組み合わせて改善に活かす。,Net Promoter Score
KPI,重要業績評価指標。上位目標との整合性と継続的な見直しが重要。,Key Performance Indicator
OKR,目標と主要な成果を定義する目標管理手法。野心的な目標と測定可能な成果指標をセットで設定する。,Objectives and Key Results
MVP,最小限の価値を提供するプロダクト。ユーザー検証から学びを得て素早く改善する。,Minimum Viable Product
ピボット,方向転換して別の価値を模索する意思決定。データと仮説をもとに大胆かつ計画的に実施する。,pivot
サンプル用語051,"学習用のダミーデータ。サンプル用語051 の説明です。
・箇条書き風の表現を含めて長文を検証します。
・ツールチップやテーブルで改行が保持されるか確認してください。",
サンプル用語052,"学習用のダミーデータ。サンプル用語052 の説明です。
・箇条書き風の表現を含めて長文を検証します。
・ツールチップやテーブルで改行が保持されるか確認してください。",
サンプル用語053,"学習用のダミーデータ。サンプル用語053 の説明です。
・箇条書き風の表現を含めて長文を検証します。
・ツールチップやテーブルで改行が保持されるか確認してください。",
サンプル用語054,"学習用のダミーデータ。サンプル用語054 の説明です。
・箇条書き風の表現を含めて長文を検証します。
・ツールチップやテーブルで改行が保持されるか確認してください。",
サンプル用語055,"学習用のダミーデータ。サンプル用語055 の説明です。
・箇条書き風の表現を含めて長文を検証します。
・ツールチップやテーブルで改行が保持されるか確認してください。","サンプル用語055 エイリアス,Alternative 55"
サンプル用語056,"学習用のダミーデータ。サンプル用語056 の説明です。
・箇条書き風の表現を含めて長文を検証します。
・ツールチップやテーブルで改行が保持されるか確認してください。",
サンプル用語057,"学習用のダミーデータ。サンプル用語057 の説明です。
・箇条書き風の表現を含めて長文を検証します。
・ツールチップやテーブルで改行が保持されるか確認してください。",
サンプル用語058,"学習用のダミーデータ。サンプル用語058 の説明です。
・箇条書き風の表現を含めて長文を検証します。
・ツールチップやテーブルで改行が保持されるか確認してください。",
サンプル用語059,"学習用のダミーデータ。サンプル用語059 の説明です。
・箇条書き風の表現を含めて長文を検証します。
・ツールチップやテーブルで改行が保持されるか確認してください。",
サンプル用語060,"学習用のダミーデータ。サンプル用語060 の説明です。
・箇条書き風の表現を含めて長文を検証します。
・ツールチップやテーブルで改行が保持されるか確認してください。","サンプル用語060 エイリアス,Alternative 60"
サンプル用語061,"学習用のダミーデータ。サンプル用語061 の説明です。
・箇条書き風の表現を含めて長文を検証します。
・ツールチップやテーブルで改行が保持されるか確認してください。",
サンプル用語062,"学習用のダミーデータ。サンプル用語062 の説明です。
・箇条書き風の表現を含めて長文を検証します。
・ツールチップやテーブルで改行が保持されるか確認してください。",
サンプル用語063,"学習用のダミーデータ。サンプル用語063 の説明です。
・箇条書き風の表現を含めて長文を検証します。
・ツールチップやテーブルで改行が保持されるか確認してください。",
サンプル用語064,"学習用のダミーデータ。サンプル用語064 の説明です。
・箇条書き風の表現を含めて長文を検証します。
・ツールチップやテーブルで改行が保持されるか確認してください。",
サンプル用語065,"学習用のダミーデータ。サンプル用語065 の説明です。
・箇条書き風の表現を含めて長文を検証します。
・ツールチップやテーブルで改行が保持されるか確認してください。","サンプル用語065 エイリアス,Alternative 65"
サンプル用語066,"学習用のダミーデータ。サンプル用語066 の説明です。
・箇条書き風の表現を含めて長文を検証します。
・ツールチップやテーブルで改行が保持されるか確認してください。",
サンプル用語067,"学習用のダミーデータ。サンプル用語067 の説明です。
・箇条書き風の表現を含めて長文を検証します。
・ツールチップやテーブルで改行が保持されるか確認してください。",
サンプル用語068,"学習用のダミーデータ。サンプル用語068 の説明です。
・箇条書き風の表現を含めて長文を検証します。
・ツールチップやテーブルで改行が保持されるか確認してください。",
サンプル用語069,"学習用のダミーデータ。サンプル用語069 の説明です。
・箇条書き風の表現を含めて長文を検証します。
・ツールチップやテーブルで改行が保持されるか確認してください。",
サンプル用語070,"学習用のダミーデータ。サンプル用語070 の説明です。
・箇条書き風の表現を含めて長文を検証します。
・ツールチップやテーブルで改行が保持されるか確認してください。","サンプル用語070 エイリアス,Alternative 70"
サンプル用語071,"学習用のダミーデータ。サンプル用語071 の説明です。
・箇条書き風の表現を含めて長文を検証します。
・ツールチップやテーブルで改行が保持されるか確認してください。",
サンプル用語072,"学習用のダミーデータ。サンプル用語072 の説明です。
・箇条書き風の表現を含めて長文を検証します。
・ツールチップやテーブルで改行が保持されるか確認してください。",
サンプル用語073,"学習用のダミーデータ。サンプル用語073 の説明です。
・箇条書き風の表現を含めて長文を検証します。
・ツールチップやテーブルで改行が保持されるか確認してください。",
サンプル用語074,"学習用のダミーデータ。サンプル用語074 の説明です。
・箇条書き風の表現を含めて長文を検証します。
・ツールチップやテーブルで改行が保持されるか確認してください。",
サンプル用語075,"学習用のダミーデータ。サンプル用語075 の説明です。
・箇条書き風の表現を含めて長文を検証します。
・ツールチップやテーブルで改行が保持されるか確認してください。","サンプル用語075 エイリアス,Alternative 75"
サンプル用語076,"学習用のダミーデータ。サンプル用語076 の説明です。
・箇条書き風の表現を含めて長文を検証します。
・ツールチップやテーブルで改行が保持されるか確認してください。",
サンプル用語077,"学習用のダミーデータ。サンプル用語077 の説明です。
・箇条書き風の表現を含めて長文を検証します。
・ツールチップやテーブルで改行が保持されるか確認してください。",
サンプル用語078,"学習用のダミーデータ。サンプル用語078 の説明です。
・箇条書き風の表現を含めて長文を検証します。
・ツールチップやテーブルで改行が保持されるか確認してください。",
サンプル用語079,"学習用のダミーデータ。サンプル用語079 の説明です。
・箇条書き風の表現を含めて長文を検証します。
・ツールチップやテーブルで改行が保持されるか確認してください。",
サンプル用語080,"学習用のダミーデータ。サンプル用語080 の説明です。
・箇条書き風の表現を含めて長文を検証します。
・ツールチップやテーブルで改行が保持されるか確認してください。","サンプル用語080 エイリアス,Alternative 80"
サンプル用語081,"学習用のダミーデータ。サンプル用語081 の説明です。
・箇条書き風の表現を含めて長文を検証します。
・ツールチップやテーブルで改行が保持されるか確認してください。",
サンプル用語082,"学習用のダミーデータ。サンプル用語082 の説明です。
・箇条書き風の表現を含めて長文を検証します。
・ツールチップやテーブルで改行が保持されるか確認してください。",
サンプル用語083,"学習用のダミーデータ。サンプル用語083 の説明です。
・箇条書き風の表現を含めて長文を検証します。
・ツールチップやテーブルで改行が保持されるか確認してください。",
サンプル用語084,"学習用のダミーデータ。サンプル用語084 の説明です。
・箇条書き風の表現を含めて長文を検証します。
・ツールチップやテーブルで改行が保持されるか確認してください。",
サンプル用語085,"学習用のダミーデータ。サンプル用語085 の説明です。
・箇条書き風の表現を含めて長文を検証します。
・ツールチップやテーブルで改行が保持されるか確認してください。","サンプル用語085 エイリアス,Alternative 85"
サンプル用語086,"学習用のダミーデータ。サンプル用語086 の説明です。
・箇条書き風の表現を含めて長文を検証します。
・ツールチップやテーブルで改行が保持されるか確認してください。",
サンプル用語087,"学習用のダミーデータ。サンプル用語087 の説明です。
・箇条書き風の表現を含めて長文を検証します。
・ツールチップやテーブルで改行が保持されるか確認してください。",
サンプル用語088,"学習用のダミーデータ。サンプル用語088 の説明です。
・箇条書き風の表現を含めて長文を検証します。
・ツールチップやテーブルで改行が保持されるか確認してください。",
サンプル用語089,"学習用のダミーデータ。サンプル用語089 の説明です。
・箇条書き風の表現を含めて長文を検証します。
・ツールチップやテーブルで改行が保持されるか確認してください。",
サンプル用語090,"学習用のダミーデータ。サンプル用語090 の説明です。
・箇条書き風の表現を含めて長文を検証します。
・ツールチップやテーブルで改行が保持されるか確認してください。","サンプル用語090 エイリアス,Alternative 90"
サンプル用語091,"学習用のダミーデータ。サンプル用語091 の説明です。
・箇条書き風の表現を含めて長文を検証します。
・ツールチップやテーブルで改行が保持されるか確認してください。",
サンプル用語092,"学習用のダミーデータ。サンプル用語092 の説明です。
・箇条書き風の表現を含めて長文を検証します。
・ツールチップやテーブルで改行が保持されるか確認してください。",
サンプル用語093,"学習用のダミーデータ。サンプル用語093 の説明です。
・箇条書き風の表現を含めて長文を検証します。
・ツールチップやテーブルで改行が保持されるか確認してください。",
サンプル用語094,"学習用のダミーデータ。サンプル用語094 の説明です。
・箇条書き風の表現を含めて長文を検証します。
・ツールチップやテーブルで改行が保持されるか確認してください。",
サンプル用語095,"学習用のダミーデータ。サンプル用語095 の説明です。
・箇条書き風の表現を含めて長文を検証します。
・ツールチップやテーブルで改行が保持されるか確認してください。","サンプル用語095 エイリアス,Alternative 95"
サンプル用語096,"学習用のダミーデータ。サンプル用語096 の説明です。
・箇条書き風の表現を含めて長文を検証します。
・ツールチップやテーブルで改行が保持されるか確認してください。",
サンプル用語097,"学習用のダミーデータ。サンプル用語097 の説明です。
・箇条書き風の表現を含めて長文を検証します。
・ツールチップやテーブルで改行が保持されるか確認してください。",
サンプル用語098,"学習用のダミーデータ。サンプル用語098 の説明です。
・箇条書き風の表現を含めて長文を検証します。
・ツールチップやテーブルで改行が保持されるか確認してください。",
サンプル用語099,"学習用のダミーデータ。サンプル用語099 の説明です。
・箇条書き風の表現を含めて長文を検証します。
・ツールチップやテーブルで改行が保持されるか確認してください。",
サンプル用語100,"学習用のダミーデータ。サンプル用語100 の説明です。
・箇条書き風の表現を含めて長文を検証します。
・ツールチップやテーブルで改行が保持されるか確認してください。","サンプル用語100 エイリアス,Alternative 100"
